[
  {
    "timestamp": 1765793012707,
    "matchId": "match_1765792979821_2422",
    "players": [
      {
        "playerId": "0f20280c-9166-4229-984e-a5062f8b1ae7",
        "name": "Player",
        "kills": 20,
        "deaths": 1
      },
      {
        "playerId": "bot_1",
        "name": "Bot",
        "kills": 1,
        "deaths": 9
      },
      {
        "playerId": "bot_2",
        "name": "Bot",
        "kills": 0,
        "deaths": 5
      },
      {
        "playerId": "bot_3",
        "name": "Bot",
        "kills": 0,
        "deaths": 6
      }
    ],
    "winnerId": "0f20280c-9166-4229-984e-a5062f8b1ae7",
    "duration": 312,
    "gameMode": "single"
  }
]